Current	Voltage	Int_Temp	Ext_Temp	H_Temp	Dt_cycle	Wor_State	Short_cir	over_load	Ovr_Heat	Blk_Shaft
1.52	0.63	29.00	28.50	35.00	21.00	1	1	0	0	0
1.53	0.56	29.00	28.50	36.00	21.00	1	1	0	0	0
1.48	0.55	29.00	28.50	36.00	21.00	1	1	0	0	0
1.50	0.56	29.00	28.50	36.00	21.00	1	1	0	0	0
1.51	0.59	29.00	28.50	36.00	21.00	1	1	0	0	0
1.51	0.69	29.00	28.50	37.50	21.00	1	1	0	0	0
1.52	0.57	29.00	28.50	37.50	21.00	1	1	0	0	0
1.48	0.58	29.00	28.50	37.50	21.00	1	1	0	0	0
1.49	0.58	29.00	28.50	37.50	21.00	1	1	0	0	0
1.50	0.58	29.00	28.50	37.50	21.00	1	1	0	0	0
1.49	0.57	29.00	28.50	37.50	21.00	1	1	0	0	0
1.38	0.57	29.00	28.50	37.50	21.00	1	1	0	0	0
1.51	0.57	29.00	28.50	37.50	21.00	1	1	0	0	0
1.47	0.58	29.00	28.50	37.50	21.00	1	1	0	0	0
1.48	0.57	29.00	28.50	37.50	21.00	1	1	0	0	0
1.49	0.61	29.00	28.50	37.50	21.00	1	1	0	0	0
1.50	0.59	29.00	28.50	37.50	21.00	1	1	0	0	0
1.50	0.59	29.00	28.50	35.50	21.00	1	1	0	0	0
1.49	0.57	29.00	28.50	35.50	21.00	1	1	0	0	0
0.39	2.31	27.00	26.50	28.50	12.00	1	0	0	0	0
0.37	2.19	27.00	26.50	28.50	12.00	1	0	0	0	0
0.36	2.07	27.00	26.50	28.50	12.00	1	0	0	0	0
0.35	1.98	27.00	26.50	28.50	12.00	1	0	0	0	0
0.38	1.89	27.00	26.50	28.50	12.00	1	0	0	0	0
0.38	1.81	27.00	26.50	28.50	12.00	1	0	0	0	0
0.37	1.74	27.00	26.50	28.50	12.00	1	0	0	0	0
0.19	1.66	27.00	26.50	28.50	12.00	1	0	0	0	0
0.38	1.61	27.00	26.50	28.50	12.00	1	0	0	0	0
0.38	1.56	27.00	26.50	28.50	12.00	1	0	0	0	0
0.37	1.50	27.00	26.50	28.50	12.00	1	0	0	0	0
0.34	1.46	27.00	26.50	28.50	12.00	1	0	0	0	0
0.37	1.41	27.00	26.50	29.00	12.00	1	0	0	0	0
0.37	1.37	27.00	26.50	28.50	12.00	1	0	0	0	0
0.36	1.34	27.00	26.50	29.00	12.00	1	0	0	0	0
0.36	1.32	27.00	26.50	28.50	12.00	1	0	0	0	0
0.40	1.31	27.00	26.50	28.50	13.00	1	0	0	0	0
0.39	1.30	27.00	26.50	28.50	17.00	1	0	0	0	0
0.41	1.38	27.00	26.50	28.50	21.00	1	0	0	0	0
0.53	1.68	27.00	26.50	29.00	26.00	1	0	0	0	0
0.69	2.05	27.00	26.50	28.50	30.00	1	0	0	0	0
0.91	2.66	27.00	26.50	29.00	35.00	1	0	0	0	0
0.87	3.00	27.00	26.50	29.00	38.00	1	0	0	0	0
1.19	3.70	27.00	26.50	29.00	38.00	1	0	1	0	0
1.15	4.24	27.00	26.50	29.00	38.00	1	0	1	0	0
1.13	4.52	27.00	26.50	29.00	38.00	1	0	1	0	0
1.11	4.67	27.00	26.50	29.00	38.00	1	0	1	0	0
1.08	4.75	27.00	26.50	29.00	38.00	1	0	1	0	0
1.07	4.78	27.00	26.50	29.00	38.00	1	0	1	0	0
1.06	4.81	27.00	26.50	29.00	38.00	1	0	1	0	0
1.07	4.82	27.00	26.50	29.00	38.00	1	0	1	0	0
1.07	4.83	27.00	26.50	29.00	38.00	1	0	1	0	0
1.06	4.83	27.00	26.50	29.00	38.00	1	0	1	0	0
1.06	4.82	27.00	26.50	29.00	38.00	1	0	1	0	0
1.02	4.83	27.00	26.50	29.00	38.00	1	0	1	0	0
1.03	4.83	27.00	26.50	29.00	38.00	1	0	1	0	0
1.06	4.82	27.00	26.50	29.00	40.00	1	0	1	0	0
0.93	4.86	27.00	26.50	29.00	41.00	1	0	1	0	0
1.11	5.01	27.00	26.50	29.00	42.00	1	0	1	0	0
1.15	5.19	27.00	26.50	29.00	43.00	1	0	1	0	0
1.17	5.33	27.00	26.50	29.00	43.00	1	0	1	0	0
1.14	5.42	27.00	26.50	29.00	43.00	1	0	1	0	0
1.15	5.49	27.00	26.50	29.00	44.00	1	0	1	0	0
1.14	5.55	27.00	26.50	29.00	45.00	1	0	1	0	0
1.19	5.62	27.00	26.50	29.00	45.00	1	0	1	0	0
1.18	5.69	27.00	26.50	29.00	46.00	1	0	1	0	0
1.18	5.78	27.00	26.50	29.00	47.00	1	0	1	0	0
1.19	5.86	27.00	26.50	29.00	47.00	1	0	1	0	0
1.20	5.95	27.00	26.50	29.00	47.00	1	0	1	0	0
1.20	6.01	27.00	26.50	29.00	47.00	1	0	1	0	0
1.19	6.04	27.00	26.50	29.00	46.00	1	0	1	0	0
1.18	6.03	27.00	26.50	29.00	44.00	1	0	1	0	0
1.00	5.93	27.00	26.50	29.00	44.00	1	0	1	0	0
1.11	5.83	27.00	26.50	29.00	44.00	1	0	1	0	0
1.10	5.74	27.00	26.50	29.00	44.00	1	0	1	0	0
1.13	5.71	27.00	26.50	29.00	44.00	1	0	1	0	0
1.14	5.68	27.00	26.50	29.00	44.00	1	0	1	0	0
1.13	5.69	27.00	26.50	29.00	44.00	1	0	1	0	0
1.14	5.70	27.00	26.50	29.00	44.00	1	0	1	0	0
1.10	5.70	27.00	26.50	29.50	44.00	1	0	1	0	0
1.15	5.67	27.00	26.50	29.50	44.00	1	0	1	0	0
1.15	5.66	27.00	26.50	29.50	44.00	1	0	1	0	0
1.16	5.69	27.00	26.50	29.50	44.00	1	0	1	0	0
1.15	5.67	27.00	26.50	29.50	44.00	1	0	1	0	0
1.13	5.67	27.00	26.50	29.50	44.00	1	0	1	0	0
1.15	5.69	27.00	26.50	29.50	44.00	1	0	1	0	0
1.14	5.66	27.00	26.50	29.50	44.00	1	0	1	0	0
1.07	5.67	27.00	26.50	29.50	44.00	1	0	1	0	0
1.17	5.69	27.00	26.50	29.50	44.00	1	0	1	0	0
1.14	5.67	27.00	26.50	29.50	44.00	1	0	1	0	0
1.15	5.69	27.00	26.50	29.50	44.00	1	0	1	0	0
1.13	5.69	27.00	26.50	29.50	44.00	1	0	1	0	0
1.17	5.68	27.00	26.50	29.50	44.00	1	0	1	0	0
1.13	5.69	27.00	26.50	29.50	44.00	1	0	1	0	0
1.12	5.69	27.00	26.50	29.50	44.00	1	0	1	0	0
1.09	5.70	27.00	26.50	29.50	44.00	1	0	1	0	0
1.12	5.58	27.00	26.50	29.50	44.00	1	0	1	0	0
1.30	5.07	27.50	26.50	30.00	44.00	1	0	1	0	0
1.40	4.72	27.50	26.50	30.00	44.00	1	0	1	0	0
1.47	4.51	27.50	26.50	30.00	44.00	1	0	1	0	0
1.58	4.26	27.50	26.50	30.00	44.00	1	0	1	0	0
1.72	4.01	27.00	26.50	30.00	44.00	1	0	1	0	0
1.69	3.98	27.50	26.50	30.00	44.00	1	0	1	0	0
1.73	3.98	27.50	26.50	30.00	44.00	1	0	1	0	0
1.63	4.14	27.50	26.50	30.00	44.00	1	0	1	0	0
1.38	4.76	27.50	26.50	30.00	44.00	1	0	1	0	0
1.26	5.21	27.50	26.50	30.00	44.00	1	0	1	0	0
1.35	5.08	27.50	26.50	30.00	44.00	1	0	1	0	0
1.43	4.45	27.50	26.50	30.00	44.00	1	0	1	0	0
1.68	4.03	27.50	26.50	30.00	44.00	1	0	1	0	0
1.75	3.91	27.50	26.50	30.00	44.00	1	0	1	0	0
1.75	3.88	27.50	26.50	30.00	44.00	1	0	1	0	0
1.75	3.85	27.50	26.50	30.00	44.00	1	0	1	0	0
1.74	3.86	27.50	26.50	30.50	44.00	1	0	1	0	0
1.76	3.85	27.50	26.50	30.50	44.00	1	0	1	0	0
1.77	3.86	27.50	26.50	30.50	44.00	1	0	1	0	0
1.78	3.91	27.50	26.50	30.50	44.00	1	0	1	0	0
1.77	3.88	27.50	26.50	30.50	44.00	1	0	1	0	0
1.75	3.92	27.50	26.50	30.50	44.00	1	0	1	0	0
1.73	3.88	27.50	26.50	30.50	44.00	1	0	1	0	0
1.78	3.91	27.50	26.50	30.50	44.00	1	0	1	0	0
1.67	4.14	27.50	26.50	30.50	44.00	1	0	1	0	0
1.40	4.72	27.50	26.50	30.50	44.00	1	0	1	0	0
1.34	5.05	27.50	26.50	30.50	44.00	1	0	1	0	0
1.30	5.20	27.50	26.50	30.50	44.00	1	0	1	0	0
1.26	5.32	27.50	26.50	31.00	44.00	1	0	1	0	0
1.40	4.82	27.50	26.50	31.00	44.00	1	0	1	0	0
1.61	4.22	27.50	26.50	31.00	44.00	1	0	1	0	0
1.78	3.87	27.50	26.50	31.00	44.00	1	0	1	0	0
1.93	3.72	27.50	27.00	31.00	44.00	1	0	1	0	0
1.97	3.73	27.50	27.00	31.00	44.00	1	0	1	0	0
1.92	3.74	27.50	27.00	31.00	44.00	1	0	1	0	0
1.84	3.71	27.50	27.00	31.00	44.00	1	0	1	0	0
1.82	3.71	27.50	27.00	31.00	44.00	1	0	1	0	0
1.93	3.70	27.50	27.00	31.00	44.00	1	0	1	0	0
1.85	3.74	27.50	27.00	31.50	44.00	1	0	1	0	0
1.91	3.74	27.50	27.00	31.50	44.00	1	0	1	0	0
1.93	3.74	27.50	27.00	31.50	44.00	1	0	1	0	0
1.98	3.74	27.50	27.00	31.50	44.00	1	0	1	0	0
1.97	3.75	27.50	27.00	31.50	44.00	1	0	1	0	0
1.89	3.77	27.50	27.00	31.50	44.00	1	0	1	0	0
1.87	3.76	27.50	27.00	31.50	44.00	1	0	1	0	0
1.81	3.74	27.50	27.00	31.50	44.00	1	0	1	0	0
1.82	3.76	27.50	27.00	31.50	44.00	1	0	1	0	0
1.88	3.76	27.50	27.00	32.00	44.00	1	0	1	0	0
1.83	3.73	27.50	27.00	32.00	44.00	1	0	1	0	0
1.87	3.75	27.50	27.00	32.00	44.00	1	0	1	0	0
1.83	3.75	27.50	27.00	32.00	44.00	1	0	1	0	0
1.72	3.76	27.50	27.00	32.00	44.00	1	0	1	0	0
1.80	3.76	27.50	27.00	32.00	44.00	1	0	1	0	0
1.86	3.77	27.50	27.00	32.00	44.00	1	0	1	0	0
1.89	3.72	27.50	27.00	32.00	44.00	1	0	1	0	0
1.87	3.76	27.50	27.00	32.00	44.00	1	0	1	0	0
1.85	3.73	27.50	27.00	32.50	44.00	1	0	1	0	0
1.81	3.75	27.50	27.00	32.50	44.00	1	0	1	0	0
1.84	3.73	27.50	27.00	32.50	44.00	1	0	1	0	0
1.87	3.76	27.50	27.00	32.50	44.00	1	0	1	0	0
1.82	3.76	27.50	27.00	32.50	44.00	1	0	1	0	0
1.80	3.76	27.50	27.00	32.50	44.00	1	0	1	0	0
1.76	3.76	27.50	27.00	32.50	44.00	1	0	1	0	0
1.84	3.78	27.50	27.00	33.00	44.00	1	0	1	0	0
1.83	3.78	27.50	27.00	33.00	44.00	1	0	1	0	0
1.80	3.76	27.50	27.00	33.00	44.00	1	0	1	0	0
1.69	3.75	27.50	27.00	33.00	44.00	1	0	1	0	0
1.79	3.75	27.50	27.00	33.00	44.00	1	0	1	0	0
1.78	3.76	27.50	27.00	33.00	44.00	1	0	1	0	0
1.80	3.75	27.50	27.00	33.00	44.00	1	0	1	0	0
1.80	3.79	27.50	27.00	33.00	44.00	1	0	1	0	0
1.80	3.82	27.50	27.00	33.50	44.00	1	0	1	0	0
1.77	3.81	27.50	27.00	33.50	44.00	1	0	1	0	0
1.70	3.92	27.50	27.00	33.50	44.00	1	0	1	0	0
1.54	4.36	27.50	27.00	33.50	44.00	1	0	1	0	0
1.31	4.99	27.50	27.00	33.50	44.00	1	0	1	0	0
1.18	5.38	27.50	27.00	33.50	44.00	1	0	1	0	0
1.17	5.57	27.50	27.00	33.50	44.00	1	0	1	0	0
1.15	5.68	27.50	27.00	33.50	44.00	1	0	1	0	0
1.14	5.70	27.50	27.00	34.00	44.00	1	0	1	0	0
1.20	5.52	27.50	27.00	34.00	44.00	1	0	1	0	0
1.16	5.23	27.50	27.00	34.00	44.00	1	0	1	0	0
1.33	4.86	27.50	27.00	34.00	44.00	1	0	1	0	0
1.49	4.52	27.50	27.00	34.00	44.00	1	0	1	0	0
1.61	4.20	27.50	27.00	34.00	44.00	1	0	1	0	0
1.73	4.00	27.50	27.00	34.00	44.00	1	0	1	0	0
1.76	3.89	27.50	27.00	34.50	44.00	1	0	1	0	0
1.75	3.82	27.50	27.50	34.50	44.00	1	0	1	0	0
1.81	3.80	27.50	27.50	34.50	44.00	1	0	1	0	0
1.78	3.75	27.50	27.50	34.50	44.00	1	0	1	0	0
1.82	3.73	27.50	27.50	34.50	44.00	1	0	1	0	0
1.82	3.74	27.50	27.50	34.50	44.00	1	0	1	0	0
1.85	3.74	27.50	27.50	34.50	44.00	1	0	1	0	0
1.84	3.75	27.50	27.50	34.50	44.00	1	0	1	0	0
1.84	3.76	27.50	27.50	35.00	44.00	1	0	1	0	0
1.83	3.77	27.50	27.50	35.00	44.00	1	0	1	0	0
1.64	3.78	27.50	27.50	35.00	44.00	1	0	1	0	0
1.80	3.79	27.50	27.50	35.00	44.00	1	0	1	0	0
1.72	3.93	27.50	27.50	35.00	44.00	1	0	1	0	0
1.40	4.64	27.50	27.50	35.00	44.00	1	0	1	0	0
1.29	5.04	27.50	27.50	35.00	44.00	1	0	1	0	0
1.36	5.14	27.50	27.50	35.00	44.00	1	0	1	0	0
1.32	5.24	27.50	27.50	35.50	44.00	1	0	1	0	0
1.34	5.34	27.50	27.50	35.50	44.00	1	0	1	0	0
1.34	5.39	27.50	27.50	35.50	44.00	1	0	1	0	0
1.36	5.35	27.50	27.50	35.50	44.00	1	0	1	0	0
1.34	5.36	27.50	27.50	35.50	44.00	1	0	1	0	0
1.43	5.23	27.50	27.50	35.50	44.00	1	0	1	0	0
1.68	4.61	27.50	27.50	35.50	44.00	1	0	1	0	0
1.79	4.23	27.50	27.50	35.50	44.00	1	0	1	0	0
1.88	4.04	27.50	27.50	36.00	44.00	1	0	1	0	0
1.74	3.96	27.50	27.50	36.00	44.00	1	0	1	0	0
1.89	3.92	27.50	27.50	36.00	44.00	1	0	1	0	0
1.90	3.94	27.50	27.50	36.00	44.00	1	0	1	0	0
1.88	3.96	27.50	27.50	36.00	44.00	1	0	1	0	0
1.87	3.98	27.50	27.50	36.00	44.00	1	0	1	0	0
1.69	4.34	27.50	27.50	36.00	44.00	1	0	1	0	0
1.49	5.01	27.50	27.50	36.00	44.00	1	0	1	0	0
1.38	5.40	27.50	27.50	36.50	44.00	1	0	1	0	0
1.36	5.60	27.50	27.50	36.50	44.00	1	0	1	0	0
1.31	5.72	27.50	27.50	36.50	44.00	1	0	1	0	0
1.29	5.81	27.50	27.50	36.50	44.00	1	0	1	0	0
1.26	5.85	27.50	27.50	36.50	44.00	1	0	1	0	0
1.20	5.86	27.50	27.50	36.50	44.00	1	0	1	0	0
1.27	5.87	27.50	27.50	36.50	44.00	1	0	1	0	0
1.25	5.86	28.00	27.50	36.50	44.00	1	0	1	0	0
1.12	5.85	28.00	27.50	37.00	44.00	1	0	1	0	0
1.26	5.86	27.50	27.50	37.00	44.00	1	0	1	0	0
1.27	5.87	28.00	27.50	37.00	44.00	1	0	1	0	0
1.26	5.87	28.00	27.50	37.00	44.00	1	0	1	0	0
1.25	5.88	28.00	27.50	37.00	44.00	1	0	1	0	0
1.25	5.88	28.00	27.50	37.00	44.00	1	0	1	0	0
1.25	5.85	28.00	27.50	37.00	44.00	1	0	1	0	0
1.27	5.86	28.00	27.50	37.00	42.00	1	0	1	0	0
1.25	5.85	28.00	27.50	37.00	40.00	1	0	1	0	0
1.25	5.75	28.00	27.50	37.50	38.00	1	0	1	0	0
1.17	5.58	28.00	27.50	37.50	37.00	1	0	1	0	0
1.12	5.31	28.00	27.50	37.50	36.00	1	0	1	0	0
1.12	5.08	28.00	27.50	37.50	36.00	1	0	1	0	0
1.12	4.90	28.00	27.50	37.50	35.00	1	0	1	0	0
1.14	4.76	28.00	27.50	37.50	35.00	1	0	1	0	0
1.01	4.64	28.00	27.50	37.50	35.00	1	0	1	0	0
1.17	4.60	28.00	27.50	37.50	35.00	1	0	1	0	0
1.16	4.57	28.00	27.50	37.50	35.00	1	0	1	0	0
1.15	4.56	28.00	27.50	37.50	35.00	1	0	1	0	0
1.09	4.54	28.00	27.50	38.00	35.00	1	0	1	0	0
1.07	4.53	28.00	27.50	38.00	35.00	1	0	1	0	0
1.06	4.53	28.00	27.50	38.00	35.00	1	0	1	0	0
1.08	4.53	28.00	27.50	38.00	35.00	1	0	1	0	0
1.08	4.54	28.00	27.50	38.00	35.00	1	0	1	0	0
1.08	4.54	28.00	27.50	38.00	35.00	1	0	1	0	0
1.09	4.54	28.00	27.50	38.00	35.00	1	0	1	0	0
1.09	4.54	28.00	27.50	38.00	35.00	1	0	1	0	0
1.09	4.54	28.00	27.50	38.00	35.00	1	0	1	0	0
1.06	4.54	28.00	27.50	38.00	35.00	1	0	1	0	0
1.10	4.54	28.00	27.50	38.00	35.00	1	0	1	0	0
0.94	4.52	28.00	27.50	38.50	35.00	1	0	1	0	0
1.29	4.53	28.00	27.50	38.50	35.00	1	0	1	0	0
1.22	4.49	28.00	27.50	38.50	35.00	1	0	1	0	0
1.21	4.48	28.00	27.50	38.50	35.00	1	0	1	0	0
1.24	4.34	28.00	27.50	38.50	35.00	1	0	1	0	0
1.26	4.13	28.00	27.50	38.50	35.00	1	0	1	0	0
1.31	3.87	28.00	27.50	38.50	36.00	1	0	1	0	0
1.35	3.69	28.00	27.50	38.50	35.00	1	0	1	0	0
1.41	3.60	28.00	27.50	38.50	35.00	1	0	1	0	0
1.35	3.48	28.00	27.50	38.50	35.00	1	0	1	0	0
1.42	3.43	28.00	27.50	38.50	35.00	1	0	1	0	0
1.43	3.39	28.00	27.50	38.50	35.00	1	0	1	0	0
1.40	3.34	28.00	27.50	38.50	35.00	1	0	1	0	0
1.37	3.33	28.00	27.50	38.50	35.00	1	0	1	0	0
1.41	3.32	28.00	27.50	39.00	35.00	1	0	1	0	0
1.22	3.30	28.00	27.50	39.00	35.00	1	0	1	0	0
1.42	3.30	28.00	27.50	39.00	36.00	1	0	1	0	0
1.43	3.29	28.00	27.50	39.00	35.00	1	0	1	0	0
1.50	3.32	28.00	27.50	39.00	35.00	1	0	1	0	0
1.42	3.29	28.00	27.50	39.00	35.00	1	0	1	0	0
1.47	3.28	28.00	27.50	39.00	35.00	1	0	1	0	0
1.45	3.27	28.00	27.50	39.00	35.00	1	0	1	0	0
1.45	3.26	28.00	27.50	39.00	35.00	1	0	1	0	0
1.45	3.26	28.00	27.50	39.00	35.00	1	0	1	0	0
1.45	3.26	28.00	27.50	39.00	35.00	1	0	1	0	0
1.43	3.24	28.00	27.50	39.00	35.00	1	0	1	0	0
1.46	3.17	28.00	27.50	39.00	35.00	1	0	1	0	0
1.49	3.12	28.00	27.50	39.00	35.00	1	0	1	0	0
1.68	3.10	28.00	27.50	39.50	35.00	1	0	1	0	0
1.51	3.12	28.00	27.50	39.50	35.00	1	0	1	0	0
1.48	3.12	28.00	27.50	39.50	35.00	1	0	1	0	0
1.55	3.12	28.00	27.50	39.50	35.00	1	0	1	0	0
1.82	3.12	28.00	27.50	39.50	35.00	1	0	1	0	0
1.73	3.11	28.00	27.50	39.50	35.00	1	0	1	0	0
1.70	3.09	28.00	27.50	39.50	35.00	1	0	1	0	0
1.63	3.09	28.00	27.50	39.50	36.00	1	0	1	0	0
1.78	3.05	28.00	28.00	39.50	35.00	1	0	1	0	0
1.79	3.07	28.00	27.50	39.50	35.00	1	0	1	0	0
1.69	3.10	28.00	28.00	39.50	35.00	1	0	1	0	0
1.70	3.10	28.00	28.00	39.50	35.00	1	0	1	0	0
1.69	3.10	28.00	28.00	39.50	35.00	1	0	1	0	0
1.71	3.10	28.00	28.00	40.00	35.00	1	0	1	0	0
1.69	3.10	28.00	28.00	40.00	35.00	1	0	1	0	0
1.69	3.10	28.00	28.00	40.00	36.00	1	0	1	0	0
1.81	2.99	28.00	28.00	40.00	35.00	1	0	1	0	0
1.71	3.00	28.00	28.00	40.00	35.00	1	0	1	0	0
1.75	3.00	28.00	28.00	40.00	35.00	1	0	1	0	0
1.71	3.09	28.00	28.00	40.00	35.00	1	0	1	0	0
1.71	3.09	28.00	28.00	40.00	35.00	1	0	1	0	0
1.71	3.09	28.00	28.00	40.00	35.00	1	0	1	0	0
1.73	3.09	28.00	28.00	40.00	35.00	1	0	1	0	0
1.73	3.09	28.00	28.00	40.00	35.00	1	0	1	0	0
1.55	3.09	28.00	28.00	40.00	35.00	1	0	1	0	0
1.56	3.09	28.00	28.00	40.50	35.00	1	0	1	0	0
1.58	3.09	28.00	28.00	40.50	35.00	1	0	1	0	0
1.58	3.09	28.00	28.00	40.50	35.00	1	0	1	0	0
1.63	3.10	28.00	28.00	40.50	35.00	1	0	1	0	0
1.43	3.12	28.00	28.00	40.50	35.00	1	0	1	0	0
1.29	3.49	28.00	28.00	40.50	35.00	1	0	1	0	0
1.20	3.86	28.00	28.00	40.50	35.00	1	0	1	0	0
0.94	4.16	28.00	28.00	40.50	35.00	1	0	1	0	0
1.08	4.31	28.00	28.00	40.50	35.00	1	0	1	0	0
1.05	4.34	28.00	28.00	40.50	35.00	1	0	1	0	0
1.08	4.33	28.00	28.00	40.50	35.00	1	0	1	0	0
1.09	4.32	28.00	28.00	40.50	35.00	1	0	1	0	0
1.12	4.19	28.00	28.00	40.50	35.00	1	0	1	0	0
1.18	3.90	28.00	28.00	41.00	35.00	1	0	1	0	0
1.22	3.68	28.00	28.00	41.00	35.00	1	0	1	0	0
1.28	3.48	28.00	28.00	41.00	35.00	1	0	1	0	0
1.33	3.34	28.00	28.00	41.00	35.00	1	0	1	0	0
1.33	3.26	28.00	28.00	41.00	35.00	1	0	1	0	0
1.38	3.20	28.00	28.00	41.00	35.00	1	0	1	0	0
1.37	3.19	28.00	28.00	41.00	35.00	1	0	1	0	0
1.40	3.20	28.00	28.00	41.00	35.00	1	0	1	0	0
1.38	3.19	28.00	28.00	41.00	35.00	1	0	1	0	0
1.21	3.17	28.00	28.00	41.00	35.00	1	0	1	0	0
1.38	3.18	28.00	28.00	41.00	35.00	1	0	1	0	0
1.20	3.57	28.00	28.00	41.00	35.00	1	0	1	0	0
1.14	4.02	28.00	28.00	41.50	35.00	1	0	1	0	0
1.08	4.28	28.00	28.00	41.50	35.00	1	0	1	0	0
1.06	4.42	28.00	28.00	41.50	35.00	1	0	1	0	0
1.06	4.49	28.00	28.00	41.50	35.00	1	0	1	0	0
1.06	4.53	28.00	28.00	41.50	35.00	1	0	1	0	0
1.00	4.56	28.00	28.00	41.50	35.00	1	0	1	0	0
1.00	4.57	28.00	28.00	41.50	35.00	1	0	1	0	0
1.04	4.57	28.00	28.00	41.50	35.00	1	0	1	0	0
1.03	4.57	28.00	28.00	41.50	35.00	1	0	1	0	0
1.03	4.58	28.50	28.00	41.50	35.00	1	0	1	0	0
1.06	4.58	28.00	28.00	41.50	35.00	1	0	1	0	0
1.07	4.57	28.00	28.00	41.50	35.00	1	0	1	0	0
0.90	4.56	28.00	28.00	42.00	35.00	1	0	1	0	0
1.04	4.58	28.50	28.00	42.00	35.00	1	0	1	0	0
1.03	4.57	28.50	28.00	42.00	35.00	1	0	1	0	0
1.02	4.57	28.50	28.00	42.00	35.00	1	0	1	0	0
1.03	4.58	28.50	28.00	42.00	35.00	1	0	1	0	0
1.04	4.57	28.50	28.00	42.00	35.00	1	0	1	0	0
1.04	4.55	28.50	28.00	42.00	35.00	1	0	1	0	0
1.05	4.48	28.50	28.00	42.00	35.00	1	0	1	0	0
1.07	4.38	28.50	28.00	42.00	35.00	1	0	1	0	0
1.09	4.27	28.50	28.00	42.00	35.00	1	0	1	0	0
1.13	4.10	28.50	28.00	42.00	35.00	1	0	1	0	0
1.19	3.92	28.50	28.00	42.00	35.00	1	0	1	0	0
1.19	3.81	28.50	28.00	42.00	35.00	1	0	1	0	0
1.20	3.71	28.50	28.00	42.00	35.00	1	0	1	0	0
1.22	3.59	28.50	28.00	42.50	36.00	1	0	1	0	0
1.06	3.42	28.50	28.00	42.50	36.00	1	0	1	0	0
1.26	3.35	28.50	28.00	42.50	36.00	1	0	1	0	0
1.31	3.37	28.50	28.00	42.50	37.00	1	0	1	0	0
1.33	3.32	28.50	28.00	42.50	38.00	1	0	1	0	0
1.36	3.36	28.50	28.00	42.50	38.00	1	0	1	0	0
1.40	3.41	28.50	28.00	42.50	38.00	1	0	1	0	0
1.39	3.40	28.50	28.00	42.50	40.00	1	0	1	0	0
1.45	3.46	28.50	28.00	42.50	41.00	1	0	1	0	0
1.47	3.57	28.50	28.00	42.50	41.00	1	0	1	0	0
1.53	3.68	28.50	28.00	42.50	42.00	1	0	1	0	0
1.52	3.73	28.50	28.00	42.50	42.00	1	0	1	0	0
1.57	3.80	28.50	28.00	42.50	42.00	1	0	1	0	0
1.54	3.82	28.50	28.00	42.50	42.00	1	0	1	0	0
1.58	3.82	28.50	28.00	42.50	42.00	1	0	1	0	0
1.58	3.84	28.50	28.00	42.50	42.00	1	0	1	0	0
1.46	3.82	28.50	28.00	43.00	42.00	1	0	1	0	0
1.61	3.75	28.50	28.00	43.00	42.00	1	0	1	0	0
1.63	3.63	28.50	28.00	43.00	42.00	1	0	1	0	0
1.59	3.64	28.50	28.00	43.00	42.00	1	0	1	0	0
1.61	3.68	28.50	28.00	43.00	42.00	1	0	1	0	0
1.58	3.71	28.50	28.00	43.00	42.00	1	0	1	0	0
1.61	3.76	28.50	28.00	43.00	42.00	1	0	1	0	0
1.58	3.73	28.50	28.00	43.00	43.00	1	0	1	0	0
1.62	3.73	28.50	28.00	43.00	44.00	1	0	1	0	0
1.66	3.72	28.50	28.00	43.00	45.00	1	0	1	0	0
1.73	3.78	28.50	28.00	43.00	46.00	1	0	1	0	0
1.75	3.84	28.50	28.00	43.00	47.00	1	0	1	0	0
1.79	3.93	28.50	28.00	43.00	49.00	1	0	1	0	0
1.83	4.07	28.50	28.00	43.50	50.00	1	0	1	0	0
1.88	4.23	28.50	28.00	43.50	50.00	1	0	1	0	0
1.94	4.39	28.50	28.00	43.50	50.00	1	0	1	0	0
1.93	4.43	28.50	28.00	43.50	50.00	1	0	1	0	0
1.91	4.44	28.50	28.00	43.50	50.00	1	0	1	0	0
1.86	4.47	28.50	28.00	43.50	50.00	1	0	1	0	0
1.87	4.48	28.50	28.00	43.50	50.00	1	0	1	0	0
1.88	4.49	28.50	28.50	43.50	50.00	1	0	1	0	0
1.88	4.50	28.50	28.00	43.50	50.00	1	0	1	0	0
1.88	4.51	28.50	28.50	43.50	50.00	1	0	1	0	0
1.87	4.52	28.50	28.50	43.50	50.00	1	0	1	0	0
1.88	4.51	28.50	28.50	44.00	49.00	1	0	1	0	0
1.85	4.57	28.50	28.50	44.00	49.00	1	0	1	0	0
1.73	4.59	28.50	28.50	44.00	48.00	1	0	1	0	0
1.69	4.59	28.50	28.50	44.00	48.00	1	0	1	0	0
1.62	4.72	28.50	28.50	44.00	47.00	1	0	1	0	0
1.47	5.03	28.50	28.50	44.00	47.00	1	0	1	0	0
1.27	5.47	28.50	28.50	44.00	47.00	1	0	1	0	0
1.16	5.84	28.50	28.50	44.00	47.00	1	0	1	0	0
1.10	6.03	28.50	28.50	44.00	47.00	1	0	1	0	0
1.23	11.68	66.50	55.50	60.50	99.00	1	0	0	1	0
1.17	11.69	66.50	55.50	60.50	99.00	1	0	0	1	0
1.23	11.67	66.50	55.50	60.50	99.00	1	0	0	1	0
1.14	11.64	66.50	55.50	60.50	99.00	1	0	0	1	0
1.22	11.68	66.50	55.50	60.50	99.00	1	0	0	1	0
1.22	11.68	66.50	55.50	60.50	100.00	1	0	0	1	0
1.24	11.68	66.50	55.50	60.50	100.00	1	0	0	1	0
1.23	11.67	66.50	55.50	60.50	100.00	1	0	0	1	0
1.22	11.69	66.50	55.50	60.50	100.00	1	0	0	1	0
1.20	11.68	66.50	55.50	60.50	100.00	1	0	0	1	0
1.22	11.67	66.50	55.50	60.50	100.00	1	0	0	1	0
1.22	11.69	66.50	55.50	60.50	100.00	1	0	0	1	0
1.24	11.68	66.50	55.50	60.50	100.00	1	0	0	1	0
1.21	11.68	66.50	55.50	60.50	100.00	1	0	0	1	0
1.22	11.68	66.50	55.50	60.50	99.00	1	0	0	1	0
1.22	11.68	66.50	55.50	60.50	99.00	1	0	0	1	0
1.23	11.69	66.50	55.50	60.50	100.00	1	0	0	1	0
1.20	11.68	66.50	55.50	60.50	100.00	1	0	0	1	0
1.11	11.65	66.50	55.50	60.50	99.00	1	0	0	1	0
1.21	11.67	66.50	55.50	60.50	100.00	1	0	0	1	0
1.23	11.68	66.50	55.50	60.50	100.00	1	0	0	1	0
1.23	11.68	66.50	55.50	60.50	100.00	1	0	0	1	0
1.25	11.68	66.50	55.50	60.50	100.00	1	0	0	1	0
1.23	11.68	66.50	55.50	60.50	99.00	1	0	0	1	0
1.23	11.68	66.50	55.50	60.50	99.00	1	0	0	1	0
1.23	11.68	66.50	55.50	60.50	100.00	1	0	0	1	0
1.23	11.67	66.50	55.50	60.50	100.00	1	0	0	1	0
1.23	11.66	66.50	55.50	60.50	100.00	1	0	0	1	0
1.23	11.68	66.50	55.50	60.50	99.00	1	0	0	1	0
1.22	11.68	66.50	55.50	60.50	100.00	1	0	0	1	0
1.23	11.67	66.50	55.50	60.50	99.00	1	0	0	1	0
1.23	11.68	66.50	55.50	60.50	100.00	1	0	0	1	0
1.24	11.68	66.50	55.50	60.50	100.00	1	0	0	1	0
1.17	11.65	66.50	55.50	60.50	99.00	1	0	0	1	0
1.22	11.67	66.50	55.50	60.50	99.00	1	0	0	1	0
1.26	11.66	66.50	55.50	60.50	99.00	1	0	0	1	0
1.24	11.67	66.50	56.00	60.50	100.00	1	0	0	1	0
1.23	11.67	66.50	56.00	60.50	100.00	1	0	0	1	0
1.25	11.66	66.50	56.00	60.50	100.00	1	0	0	1	0
1.26	11.67	66.50	56.00	60.50	100.00	1	0	0	1	0
1.24	11.66	66.50	56.00	60.50	100.00	1	0	0	1	0
1.25	11.66	66.50	56.00	60.50	100.00	1	0	0	1	0
1.24	11.66	66.50	56.00	60.50	99.00	1	0	0	1	0
1.23	11.66	66.50	56.00	60.50	100.00	1	0	0	1	0
1.29	11.66	66.50	56.00	60.50	99.00	1	0	0	1	0
1.29	11.67	66.50	56.00	60.50	100.00	1	0	0	1	0
1.27	11.66	66.50	56.00	60.50	100.00	1	0	0	1	0
1.26	11.67	66.50	55.50	60.50	100.00	1	0	0	1	0
1.29	11.66	66.50	56.00	60.50	99.00	1	0	0	1	0
1.28	11.67	66.50	56.00	60.50	99.00	1	0	0	1	0
1.25	11.66	66.50	55.50	60.50	100.00	1	0	0	1	0
1.21	11.66	66.50	56.00	60.50	100.00	1	0	0	1	0
1.24	11.65	66.50	56.00	60.50	100.00	1	0	0	1	0
1.26	11.65	66.50	55.50	60.50	100.00	1	0	0	1	0
1.26	11.66	66.50	56.00	60.50	100.00	1	0	0	1	0
1.25	11.66	66.50	56.00	60.50	100.00	1	0	0	1	0
1.27	11.65	66.50	56.00	60.50	100.00	1	0	0	1	0
1.26	11.65	66.50	56.00	60.50	100.00	1	0	0	1	0
1.27	11.66	66.50	56.00	60.50	100.00	1	0	0	1	0
1.24	11.66	66.50	56.00	60.50	99.00	1	0	0	1	0
1.22	11.66	66.50	56.00	60.50	99.00	1	0	0	1	0
1.25	11.65	66.50	56.00	60.50	100.00	1	0	0	1	0
1.25	11.67	66.50	55.50	60.50	100.00	1	0	0	1	0
1.25	11.66	66.50	55.50	60.50	99.00	1	0	0	1	0
1.10	11.65	66.50	55.50	61.00	99.00	1	0	0	1	0
1.19	11.64	66.50	55.50	61.00	99.00	1	0	0	1	0
1.24	11.67	66.50	55.50	61.00	99.00	1	0	0	1	0
1.26	11.66	66.50	55.50	61.00	99.00	1	0	0	1	0
1.23	11.67	66.50	56.00	61.00	100.00	1	0	0	1	0
1.24	11.66	66.50	56.00	61.00	99.00	1	0	0	1	0
1.22	11.65	66.50	55.50	61.00	100.00	1	0	0	1	0
1.26	11.65	66.50	56.00	60.50	99.00	1	0	0	1	0
1.27	11.66	66.50	56.00	61.00	100.00	1	0	0	1	0
1.25	11.66	66.50	56.00	61.00	100.00	1	0	0	1	0
1.18	11.66	66.50	56.00	61.00	99.00	1	0	0	1	0
1.26	11.65	66.50	56.00	61.00	99.00	1	0	0	1	0
1.27	11.66	66.50	56.00	61.00	100.00	1	0	0	1	0
1.23	11.66	66.50	56.00	61.00	100.00	1	0	0	1	0
1.26	11.65	67.00	56.00	61.00	99.00	1	0	0	1	0
1.13	11.62	67.00	56.00	61.00	99.00	1	0	0	1	0
1.18	11.62	67.00	56.00	61.00	100.00	1	0	0	1	0
1.27	11.66	67.00	56.00	61.00	99.00	1	0	0	1	0
1.28	11.66	66.50	56.00	61.00	100.00	1	0	0	1	0
1.28	11.66	67.00	56.00	61.00	100.00	1	0	0	1	0
1.16	11.63	66.50	56.00	61.00	100.00	1	0	0	1	0
1.23	11.66	67.00	56.00	61.00	100.00	1	0	0	1	0
1.26	11.66	67.00	56.00	61.00	100.00	1	0	0	1	0
1.26	11.65	66.50	56.00	61.00	100.00	1	0	0	1	0
1.25	11.67	67.00	56.00	61.00	100.00	1	0	0	1	0
1.27	11.66	67.00	56.00	61.00	99.00	1	0	0	1	0
1.27	11.66	66.50	55.50	61.00	100.00	1	0	0	1	0
1.27	11.66	67.00	56.00	61.00	100.00	1	0	0	1	0
1.27	11.66	66.50	55.50	61.00	100.00	1	0	0	1	0
1.27	11.66	66.50	55.50	61.00	99.00	1	0	0	1	0
1.12	11.61	67.00	55.50	61.00	100.00	1	0	0	1	0
1.25	11.66	66.50	55.50	61.00	100.00	1	0	0	1	0
1.24	11.67	66.50	55.50	61.00	99.00	1	0	0	1	0
1.27	11.66	67.00	55.50	61.00	100.00	1	0	0	1	0
1.26	11.68	67.00	55.50	61.00	99.00	1	0	0	1	0
1.26	11.67	67.00	55.50	61.00	100.00	1	0	0	1	0
1.26	11.67	67.00	55.50	61.00	100.00	1	0	0	1	0
1.25	11.66	67.00	55.50	61.00	100.00	1	0	0	1	0
1.24	11.67	67.00	55.50	61.00	100.00	1	0	0	1	0
1.23	11.67	67.00	55.50	61.00	99.00	1	0	0	1	0
1.26	11.66	67.00	55.50	61.00	100.00	1	0	0	1	0
1.26	11.66	67.00	55.50	61.00	100.00	1	0	0	1	0
1.26	11.66	67.00	56.00	61.00	100.00	1	0	0	1	0
1.27	11.66	67.00	55.50	61.00	99.00	1	0	0	1	0
1.24	11.66	67.00	56.00	61.00	99.00	1	0	0	1	0
1.14	11.62	67.00	56.00	61.00	100.00	1	0	0	1	0
1.24	11.66	67.00	55.50	61.00	100.00	1	0	0	1	0
1.21	11.68	67.00	55.50	61.00	100.00	1	0	0	1	0
1.23	11.66	67.00	56.00	61.00	99.00	1	0	0	1	0
1.27	11.66	67.00	56.00	61.00	99.00	1	0	0	1	0
1.26	11.66	67.00	56.00	61.00	100.00	1	0	0	1	0
1.27	11.66	67.00	56.00	61.00	100.00	1	0	0	1	0
1.26	11.67	67.00	56.00	61.00	100.00	1	0	0	1	0
1.26	11.66	67.00	56.00	61.00	100.00	1	0	0	1	0
1.24	11.66	67.00	56.00	61.00	99.00	1	0	0	1	0
1.25	11.66	67.00	56.00	61.00	100.00	1	0	0	1	0
1.25	11.65	67.00	56.00	61.00	100.00	1	0	0	1	0
1.26	11.66	67.00	56.00	61.00	99.00	1	0	0	1	0
1.24	11.66	67.00	56.00	61.00	99.00	1	0	0	1	0
1.26	11.66	67.00	56.00	61.00	99.00	1	0	0	1	0
1.11	11.62	67.00	56.00	61.00	100.00	1	0	0	1	0
1.26	11.66	67.00	56.00	61.00	99.00	1	0	0	1	0
1.24	11.66	67.00	56.00	61.00	100.00	1	0	0	1	0
1.26	11.66	67.00	56.00	61.00	100.00	1	0	0	1	0
1.27	11.65	67.00	56.00	61.00	100.00	1	0	0	1	0
1.24	11.66	67.00	56.00	61.00	99.00	1	0	0	1	0
1.26	11.66	67.00	56.00	61.00	100.00	1	0	0	1	0
1.26	11.66	67.00	56.00	61.00	100.00	1	0	0	1	0
1.27	11.66	67.00	56.00	61.00	100.00	1	0	0	1	0
1.26	11.66	67.00	56.00	61.00	100.00	1	0	0	1	0
1.26	11.66	67.00	56.00	61.00	100.00	1	0	0	1	0
1.24	11.66	67.00	56.00	61.00	100.00	1	0	0	1	0
1.23	11.66	67.00	56.00	61.00	100.00	1	0	0	1	0
1.28	11.65	67.00	56.00	61.00	100.00	1	0	0	1	0
1.27	11.65	67.00	56.00	61.00	99.00	1	0	0	1	0
1.12	11.61	67.00	56.00	61.00	100.00	1	0	0	1	0
1.25	11.66	67.00	56.00	61.00	99.00	1	0	0	1	0
1.24	11.66	67.00	56.00	61.00	100.00	1	0	0	1	0
1.25	11.66	67.00	56.00	61.00	100.00	1	0	0	1	0
1.24	11.66	67.00	56.00	61.00	99.00	1	0	0	1	0
1.20	11.66	67.00	56.00	61.00	100.00	1	0	0	1	0
1.22	11.66	67.00	56.00	60.50	99.00	1	0	0	1	0
1.25	11.65	67.00	56.00	61.00	100.00	1	0	0	1	0
1.24	11.65	67.00	56.00	61.00	100.00	1	0	0	1	0
1.25	11.66	67.00	56.00	61.00	100.00	1	0	0	1	0
1.27	11.66	67.00	56.00	61.00	100.00	1	0	0	1	0
1.23	11.66	67.00	56.00	61.00	100.00	1	0	0	1	0
1.26	11.66	67.00	56.00	61.00	100.00	1	0	0	1	0
1.23	11.66	67.00	56.00	61.00	100.00	1	0	0	1	0
1.25	11.66	67.00	56.00	61.00	99.00	1	0	0	1	0
1.08	11.62	67.00	56.00	61.00	100.00	1	0	0	1	0
1.24	11.65	67.00	56.00	61.00	99.00	1	0	0	1	0
1.27	11.65	67.00	56.00	60.50	100.00	1	0	0	1	0
1.25	11.67	67.00	56.00	61.00	100.00	1	0	0	1	0
1.24	11.66	67.00	56.00	61.00	100.00	1	0	0	1	0
1.25	11.66	67.00	56.00	61.00	100.00	1	0	0	1	0
1.22	11.66	67.00	56.00	61.00	100.00	1	0	0	1	0
1.24	11.66	67.00	56.00	60.50	100.00	1	0	0	1	0
1.24	11.66	67.00	56.00	61.00	99.00	1	0	0	1	0
1.27	11.66	67.00	56.00	61.00	99.00	1	0	0	1	0
1.28	11.66	67.00	56.00	61.00	100.00	1	0	0	1	0
1.25	11.66	67.00	56.00	61.00	100.00	1	0	0	1	0
1.26	11.66	67.00	56.00	61.00	100.00	1	0	0	1	0
1.25	11.66	67.00	56.00	61.00	100.00	1	0	0	1	0
1.26	11.66	67.00	56.00	61.00	99.00	1	0	0	1	0
1.09	11.61	67.00	56.00	61.00	100.00	1	0	0	1	0
1.26	11.65	67.00	56.00	61.00	100.00	1	0	0	1	0
1.25	11.66	67.00	56.00	60.50	100.00	1	0	0	1	0
1.25	11.66	67.00	56.00	61.00	99.00	1	0	0	1	0
1.27	11.67	67.00	56.00	61.00	100.00	1	0	0	1	0
1.26	11.67	67.00	56.00	61.00	100.00	1	0	0	1	0
1.26	11.66	67.00	56.00	60.50	100.00	1	0	0	1	0
1.26	11.67	67.00	56.00	61.00	100.00	1	0	0	1	0
1.23	11.66	67.00	56.00	61.00	100.00	1	0	0	1	0
1.21	11.66	67.00	56.00	60.50	100.00	1	0	0	1	0
1.24	11.66	67.00	56.00	60.50	100.00	1	0	0	1	0
1.26	11.66	67.00	56.00	61.00	100.00	1	0	0	1	0
1.26	11.68	67.00	56.00	60.50	99.00	1	0	0	1	0
1.25	11.67	67.00	56.00	61.00	100.00	1	0	0	1	0
1.24	11.67	67.00	56.00	60.50	99.00	1	0	0	1	0
1.10	11.63	67.00	56.00	61.00	99.00	1	0	0	1	0
1.21	11.67	67.00	56.00	61.00	100.00	1	0	0	1	0
1.23	11.66	67.00	56.00	60.50	99.00	1	0	0	1	0
1.22	11.66	67.00	56.00	60.50	100.00	1	0	0	1	0
1.25	11.67	67.00	56.00	61.00	100.00	1	0	0	1	0
1.26	11.65	67.00	56.00	61.00	100.00	1	0	0	1	0
1.23	11.68	67.00	56.00	60.50	100.00	1	0	0	1	0
1.28	11.67	67.00	56.00	61.00	99.00	1	0	0	1	0
1.24	11.66	67.00	56.00	60.50	100.00	1	0	0	1	0
1.22	11.66	67.00	56.00	60.50	100.00	1	0	0	1	0
1.23	11.66	67.00	56.00	60.50	100.00	1	0	0	1	0
1.24	11.67	67.00	56.00	60.50	100.00	1	0	0	1	0
1.25	11.67	67.00	56.00	60.50	100.00	1	0	0	1	0
1.24	11.67	67.00	56.00	60.50	100.00	1	0	0	1	0
1.25	11.66	67.00	56.00	60.50	99.00	1	0	0	1	0
1.11	11.62	67.00	56.00	60.50	100.00	1	0	0	1	0
1.23	11.66	67.50	56.00	60.50	99.00	1	0	0	1	0
1.19	11.68	67.50	56.00	60.50	99.00	1	0	0	1	0
1.24	11.66	67.50	56.00	60.50	100.00	1	0	0	1	0
1.25	11.66	67.50	56.00	60.50	100.00	1	0	0	1	0
1.26	11.66	67.50	56.00	60.50	100.00	1	0	0	1	0
1.27	11.66	67.50	56.00	60.50	99.00	1	0	0	1	0
1.23	11.66	67.50	56.00	60.50	100.00	1	0	0	1	0
1.25	11.68	67.50	56.00	60.50	100.00	1	0	0	1	0
1.26	11.66	67.50	56.00	60.50	99.00	1	0	0	1	0
1.24	11.66	67.50	56.00	60.50	100.00	1	0	0	1	0
1.26	11.65	67.50	56.00	60.50	100.00	1	0	0	1	0
1.24	11.65	67.50	56.00	60.50	100.00	1	0	0	1	0
1.27	11.65	67.50	56.00	60.50	100.00	1	0	0	1	0
1.25	11.66	67.50	56.00	60.50	99.00	1	0	0	1	0
1.13	11.62	67.50	56.00	60.50	100.00	1	0	0	1	0
1.28	11.67	67.50	56.00	60.50	100.00	1	0	0	1	0
1.21	11.67	67.50	56.00	60.50	99.00	1	0	0	1	0
1.24	11.67	67.50	56.00	60.50	99.00	1	0	0	1	0
1.22	11.68	67.50	56.00	60.50	100.00	1	0	0	1	0
1.23	11.67	67.50	56.00	60.50	100.00	1	0	0	1	0
1.24	11.67	67.50	56.00	60.50	100.00	1	0	0	1	0
1.24	11.66	67.50	56.00	60.50	99.00	1	0	0	1	0
1.25	11.67	67.50	56.00	60.50	100.00	1	0	0	1	0
1.26	11.66	67.50	56.00	60.50	100.00	1	0	0	1	0
1.17	5.45	28.50	27.50	29.00	32.00	1	0	0	0	1
1.16	5.41	28.50	27.50	29.00	32.00	1	0	0	0	1
1.12	3.89	28.50	27.50	29.00	32.00	1	0	0	0	1
1.11	3.18	28.50	27.50	29.00	32.00	1	0	0	0	1
1.13	3.10	28.50	27.50	29.00	32.00	1	0	0	0	1
1.15	3.06	28.50	27.50	29.00	32.00	1	0	0	0	1
1.15	3.04	28.50	27.50	29.00	32.00	1	0	0	0	1
1.14	3.01	28.50	27.50	29.00	32.00	1	0	0	0	1
1.16	3.01	28.50	27.50	29.00	32.00	1	0	0	0	1
1.14	2.99	28.50	27.50	29.00	34.00	1	0	0	0	1
1.06	2.98	28.50	27.50	29.00	38.00	1	0	0	0	1
1.20	3.08	28.50	27.50	29.00	41.00	1	0	0	0	1
1.48	3.28	28.50	27.50	29.00	45.00	1	0	0	0	1
1.49	3.73	28.50	27.50	29.00	46.00	1	0	0	0	1
1.78	3.86	28.50	27.50	29.00	46.00	1	0	0	0	1
1.88	3.80	28.50	27.50	29.00	46.00	1	0	0	0	1
1.89	3.82	28.50	27.50	29.00	46.00	1	0	0	0	1
1.69	4.03	28.50	27.50	29.00	45.00	1	0	0	0	1
1.61	4.28	28.50	27.50	29.00	45.00	1	0	0	0	1
1.54	4.23	28.50	27.50	29.00	45.00	1	0	0	0	1
1.65	3.99	28.50	27.50	29.00	45.00	1	0	0	0	1
1.73	3.87	28.50	27.50	29.00	45.00	1	0	0	0	1
1.83	3.75	28.50	27.50	29.00	45.00	1	0	0	0	1
1.92	3.69	28.50	27.50	29.50	45.00	1	0	0	0	1
1.83	3.72	28.50	27.50	29.50	46.00	1	0	0	0	1
1.81	3.73	28.50	27.50	29.50	47.00	1	0	0	0	1
1.89	3.80	28.50	27.50	29.50	49.00	1	0	0	0	1
2.02	3.82	28.50	27.50	29.50	50.00	1	0	0	0	1
1.98	4.04	28.50	27.50	29.50	50.00	1	0	0	0	1
2.12	4.06	28.50	27.50	29.50	50.00	1	0	0	0	1
2.08	4.04	28.50	27.50	29.50	51.00	1	0	0	0	1
2.20	4.01	28.50	27.50	29.50	51.00	1	0	0	0	1
2.19	4.06	28.50	27.50	29.50	52.00	1	0	0	0	1
2.26	4.08	28.50	27.50	29.50	55.00	1	0	0	0	1
2.33	4.16	28.50	27.50	29.50	56.00	1	0	0	0	1
2.44	4.28	28.50	27.50	29.50	56.00	1	0	0	0	1
2.53	4.33	28.50	27.50	29.50	56.00	1	0	0	0	1
2.54	4.33	28.50	27.50	29.50	56.00	1	0	0	0	1
2.53	4.32	28.50	27.50	29.50	59.00	1	0	0	0	1
2.57	4.35	28.50	27.50	30.00	62.00	1	0	0	0	1
2.74	4.47	28.50	27.50	30.00	65.00	1	0	0	0	1
2.87	4.63	28.50	27.50	30.00	70.00	1	0	0	0	1
3.05	4.77	28.50	27.50	30.00	77.00	1	0	0	0	1
3.36	4.41	28.50	27.50	30.00	80.00	1	0	0	0	1
3.34	4.10	28.50	27.50	30.00	80.00	1	0	0	0	1
3.27	3.82	28.50	27.50	30.00	84.00	1	0	0	0	1
3.26	3.79	28.50	27.50	30.00	92.00	1	0	0	0	1
1.70	3.13	28.50	27.50	30.00	96.00	1	0	0	0	1
-6.06	2.47	28.50	27.50	30.50	77.00	1	0	0	0	1
-6.37	2.17	28.50	27.50	30.50	77.00	1	0	0	0	1
3.30	4.11	28.50	27.50	30.50	99.00	1	0	0	0	1
3.30	4.10	28.50	27.50	30.50	99.00	1	0	0	0	1
-6.50	2.00	28.50	27.50	30.50	77.00	1	0	0	0	1
-6.51	1.97	28.50	27.50	30.50	77.00	1	0	0	0	1
3.34	4.06	28.50	27.50	30.50	99.00	1	0	0	0	1
3.35	4.07	28.50	27.50	31.00	99.00	1	0	0	0	1
-6.48	1.97	28.50	27.50	31.00	77.00	1	0	0	0	1
-6.50	1.96	28.50	27.50	31.00	77.00	1	0	0	0	1
3.33	4.06	28.50	27.50	31.00	99.00	1	0	0	0	1
3.31	4.06	28.50	27.50	31.00	99.00	1	0	0	0	1
-6.49	1.98	28.50	27.50	31.50	77.00	1	0	0	0	1
-6.49	1.96	28.50	27.50	31.50	77.00	1	0	0	0	1
3.33	4.05	28.50	27.50	31.50	99.00	1	0	0	0	1
3.34	4.06	28.50	27.50	31.50	98.00	1	0	0	0	1
-6.50	1.98	28.50	27.50	31.50	71.00	1	0	0	0	1
-6.41	2.05	28.50	27.50	32.00	66.00	1	0	0	0	1
3.33	4.32	28.50	27.50	32.00	81.00	1	0	0	0	1
3.31	4.45	28.50	27.50	32.00	78.00	1	0	0	0	1
3.17	3.62	28.50	27.50	32.00	78.00	1	0	0	0	1
3.32	3.97	28.50	27.50	32.00	78.00	1	0	0	0	1
3.33	4.06	28.50	27.50	32.50	71.00	1	0	0	0	1
3.17	4.07	28.50	27.50	32.50	68.00	1	0	0	0	1
3.38	4.34	28.50	27.50	32.50	65.00	1	0	0	0	1
3.40	4.49	28.50	27.50	32.50	64.00	1	0	0	0	1
3.21	4.40	28.50	27.50	33.00	64.00	1	0	0	0	1
3.16	4.37	28.50	27.50	33.00	64.00	1	0	0	0	1
3.11	4.42	28.50	27.50	33.00	64.00	1	0	0	0	1
3.17	4.40	28.50	27.50	33.00	64.00	1	0	0	0	1
3.13	4.39	28.50	27.50	33.50	64.00	1	0	0	0	1
3.17	4.40	28.50	27.50	33.50	64.00	1	0	0	0	1
3.13	4.38	28.50	27.50	33.50	64.00	1	0	0	0	1
3.17	4.38	28.50	27.50	33.50	64.00	1	0	0	0	1
3.13	4.42	28.50	27.50	34.00	64.00	1	0	0	0	1
3.09	4.37	28.50	27.50	34.00	64.00	1	0	0	0	1
3.16	4.40	28.50	27.50	34.00	65.00	1	0	0	0	1
3.14	4.36	28.50	27.50	34.50	68.00	1	0	0	0	1
3.11	4.40	28.50	27.50	34.50	72.00	1	0	0	0	1
3.40	4.51	28.50	27.50	34.50	76.00	1	0	0	0	1
3.40	4.33	28.50	27.50	34.50	80.00	1	0	0	0	1
3.37	4.16	28.50	27.50	35.00	81.00	1	0	0	0	1
3.25	3.79	28.50	27.50	35.00	82.00	1	0	0	0	1
3.12	3.51	28.50	27.50	35.00	83.00	1	0	0	0	1
2.99	3.40	28.50	27.50	35.50	83.00	1	0	0	0	1
2.82	3.29	28.50	27.50	35.50	84.00	1	0	0	0	1
2.65	3.25	28.50	27.50	35.50	84.00	1	0	0	0	1
1.79	3.15	28.50	27.50	36.00	82.00	1	0	0	0	1
1.82	3.15	28.50	27.50	36.00	83.00	1	0	0	0	1
2.98	3.40	28.50	27.50	36.00	85.00	1	0	0	0	1
2.92	3.34	28.50	27.50	36.50	85.00	1	0	0	0	1
1.12	3.11	28.50	27.50	36.50	81.00	1	0	0	0	1
0.31	3.06	28.50	27.50	36.50	80.00	1	0	0	0	1
3.04	3.64	28.50	27.50	37.00	87.00	1	0	0	0	1
3.23	3.72	28.50	27.50	37.00	89.00	1	0	0	0	1
-2.92	2.89	29.00	27.50	37.00	77.00	1	0	0	0	1
-5.51	2.75	29.00	27.50	37.50	71.00	1	0	0	0	1
3.35	4.21	28.50	27.50	37.50	90.00	1	0	0	0	1
3.34	4.47	28.50	27.50	37.50	90.00	1	0	0	0	1
-5.64	2.64	29.00	27.50	38.00	71.00	1	0	0	0	1
-5.66	2.67	29.00	27.50	38.00	71.00	1	0	0	0	1
3.41	4.47	28.50	27.50	38.00	90.00	1	0	0	0	1
3.42	4.46	28.50	27.50	38.00	90.00	1	0	0	0	1
-5.55	2.63	29.00	27.50	38.50	71.00	1	0	0	0	1
-5.56	2.61	29.00	27.50	38.50	71.00	1	0	0	0	1
3.41	4.45	28.50	27.50	38.50	90.00	1	0	0	0	1
3.38	4.45	28.50	27.50	39.00	89.00	1	0	0	0	1
-5.39	2.67	29.00	28.00	39.00	69.00	1	0	0	0	1
-5.49	2.67	29.00	27.50	39.50	67.00	1	0	0	0	1
3.31	4.54	28.50	27.50	39.50	84.00	1	0	0	0	1
3.31	4.49	28.50	27.50	39.50	83.00	1	0	0	0	1
2.16	3.20	29.00	27.50	39.50	80.00	1	0	0	0	1
2.89	3.36	29.00	27.50	40.00	82.00	1	0	0	0	1
3.20	3.69	29.00	27.50	40.00	82.00	1	0	0	0	1
3.03	3.47	29.00	27.50	40.00	82.00	1	0	0	0	1
3.09	3.53	29.00	27.50	40.50	81.00	1	0	0	0	1
3.09	3.50	29.00	27.50	40.50	81.00	1	0	0	0	1
3.15	3.59	29.00	27.50	40.50	81.00	1	0	0	0	1
3.14	3.52	29.00	27.50	41.00	81.00	1	0	0	0	1
3.10	3.64	29.00	27.50	41.00	81.00	1	0	0	0	1
3.13	3.51	29.00	27.50	41.00	81.00	1	0	0	0	1
3.12	3.58	29.00	27.50	41.50	81.00	1	0	0	0	1
3.12	3.52	29.00	27.50	41.50	81.00	1	0	0	0	1
2.99	3.60	29.00	27.50	41.50	81.00	1	0	0	0	1
3.17	3.62	29.00	27.50	42.00	81.00	1	0	0	0	1
3.14	3.57	29.00	27.50	42.00	81.00	1	0	0	0	1
3.12	3.54	29.00	27.50	42.00	81.00	1	0	0	0	1
3.13	3.51	29.00	27.50	42.50	81.00	1	0	0	0	1
3.15	3.55	29.00	27.50	42.50	81.00	1	0	0	0	1
3.10	3.48	29.00	27.50	42.50	82.00	1	0	0	0	1
3.07	3.54	29.00	27.50	43.00	83.00	1	0	0	0	1
3.03	3.38	29.00	27.50	43.00	83.00	1	0	0	0	1
2.82	3.26	29.00	27.50	43.00	84.00	1	0	0	0	1
2.62	3.22	29.00	27.50	43.50	83.00	1	0	0	0	1
1.84	3.16	29.00	27.50	43.50	82.00	1	0	0	0	1
2.67	3.24	29.00	27.50	43.50	83.00	1	0	0	0	1
3.02	3.42	29.00	27.50	44.00	85.00	1	0	0	0	1
2.81	3.32	29.00	27.50	44.00	84.00	1	0	0	0	1
0.77	3.07	29.00	27.50	44.00	80.00	1	0	0	0	1
2.31	3.18	29.00	27.50	44.00	84.00	1	0	0	0	1
3.28	3.79	29.00	27.50	44.50	85.00	1	0	0	0	1
2.31	3.18	29.00	27.50	44.50	83.00	1	0	0	0	1
-0.06	3.02	29.00	27.50	45.00	79.00	1	0	0	0	1
2.92	3.32	29.00	27.50	45.00	85.00	1	0	0	0	1
3.32	3.90	29.00	27.50	45.00	87.00	1	0	0	0	1
0.02	3.03	29.00	27.50	45.00	82.00	1	0	0	0	1
-2.92	2.86	29.00	28.00	45.50	74.00	1	0	0	0	1
3.09	3.42	29.00	27.50	45.50	86.00	1	0	0	0	1
3.40	4.29	29.00	27.50	45.50	87.00	1	0	0	0	1
-2.03	2.92	29.00	28.00	46.00	75.00	1	0	0	0	1
-3.45	2.84	29.00	28.00	46.00	74.00	1	0	0	0	1
3.40	4.25	29.00	27.50	46.00	87.00	1	0	0	0	1
3.38	4.33	29.00	27.50	46.00	85.00	1	0	0	0	1
-2.32	2.94	29.00	28.00	46.50	73.00	1	0	0	0	1
1.00	3.09	29.00	28.00	46.50	76.00	1	0	0	0	1
3.41	4.33	29.00	27.50	46.50	81.00	1	0	0	0	1
3.37	4.21	29.00	27.50	47.00	81.00	1	0	0	0	1
3.13	3.52	29.00	27.50	47.00	80.00	1	0	0	0	1
3.14	3.51	29.00	27.50	47.00	78.00	1	0	0	0	1
3.27	3.74	29.00	27.50	47.50	76.00	1	0	0	0	1
3.35	4.15	29.00	27.50	47.50	75.00	1	0	0	0	1
3.37	4.19	29.00	27.50	47.50	72.00	1	0	0	0	1
3.38	4.27	29.00	27.50	47.50	71.00	1	0	0	0	1
3.40	4.36	29.00	27.50	48.00	69.00	1	0	0	0	1
3.42	4.43	29.00	27.50	48.00	66.00	1	0	0	0	1
3.41	4.51	29.00	27.50	48.00	63.00	1	0	0	0	1
3.28	4.44	29.00	27.50	48.50	59.00	1	0	0	0	1
3.06	4.32	29.00	27.50	48.50	61.00	1	0	0	0	1
2.70	4.17	29.00	27.50	48.50	61.00	1	0	0	0	1
2.95	4.23	29.00	27.50	49.00	60.00	1	0	0	0	1
2.94	4.24	29.00	27.50	49.00	57.00	1	0	0	0	1
2.85	4.19	29.00	27.50	49.00	55.00	1	0	0	0	1
2.74	4.10	29.00	28.00	49.00	53.00	1	0	0	0	1
2.60	3.99	29.00	28.00	49.50	51.00	1	0	0	0	1
2.49	3.92	29.00	27.50	49.50	49.00	1	0	0	0	1
2.36	3.83	29.00	28.00	49.50	47.00	1	0	0	0	1
2.26	3.77	29.00	28.00	50.00	45.00	1	0	0	0	1
2.12	3.64	29.00	28.00	50.00	45.00	1	0	0	0	1
2.00	3.54	29.00	27.50	50.00	44.00	1	0	0	0	1
2.01	3.54	29.00	28.00	50.50	40.00	1	0	0	0	1
1.98	3.50	29.00	28.00	50.50	36.00	1	0	0	0	1
1.76	3.31	29.00	28.00	50.50	32.00	1	0	0	0	1
1.49	3.03	29.00	28.00	51.00	29.00	1	0	0	0	1
1.17	2.83	29.00	28.00	51.00	27.00	1	0	0	0	1
1.14	2.63	29.00	28.00	51.00	23.00	1	0	0	0	1
1.01	2.44	29.00	28.00	51.50	23.00	1	0	0	0	1
0.83	2.18	29.00	28.00	51.50	22.00	1	0	0	0	1
0.82	2.15	29.00	28.00	51.50	18.00	1	0	0	0	1
0.77	2.12	29.00	28.00	51.50	14.00	1	0	0	0	1
0.61	1.75	29.00	28.00	52.00	11.00	1	0	0	0	1
0.44	1.43	29.00	28.00	52.00	9.00	1	0	0	0	1
0.32	1.20	29.00	28.00	52.00	6.00	1	0	0	0	1
0.27	0.99	29.00	28.00	52.50	5.00	1	0	0	0	1
0.21	0.74	29.00	28.00	52.50	5.00	1	0	0	0	1
0.22	0.70	29.00	28.00	52.50	3.00	1	0	0	0	1
0.22	0.70	29.00	28.00	52.50	3.00	1	0	0	0	1
0.18	0.53	29.00	28.00	53.00	1.00	1	0	0	0	1
0.16	0.46	29.00	28.00	53.00	1.00	1	0	0	0	1